<?xml version="1.0" encoding="UTF-8"?>
<metadata xml:lang="en"><Esri><CreaDate>20171128</CreaDate><CreaTime>15541600</CreaTime><ArcGISFormat>1.0</ArcGISFormat><SyncOnce>TRUE</SyncOnce><DataProperties><itemProps><itemLocation><linkage Sync="TRUE">file://\\IGSAHAEWLT366\C$\NYBackup\GitHub\StreamStats-Setup\batchDelineate\input\RedoSitesForSS60</linkage><protocol Sync="TRUE">Local Area Network</protocol></itemLocation></itemProps><copyHistory><copy source="C:\NYBackup\batchDelineate\input\RedoSitesForSS60" dest="\\IGSAHAEWLT366\C$\NYBackup\GitHub\StreamStats-Setup\batchDelineate\input\RedoSitesForSS60" date="20171128" time="15541600"></copy></copyHistory><lineage><Process ToolSource="c:\arcgis\desktop10.5\ArcToolbox\Toolboxes\Data Management Tools.tbx\CalculateField" Date="20171019" Time="121828">CalculateField RedoSitesForSS60 state 'ny' PYTHON_9.3 #</Process></lineage></DataProperties></Esri></metadata>
