<metadata xml:lang="en"><Esri><CreaDate>20200714</CreaDate><CreaTime>09394900</CreaTime><ArcGISFormat>1.0</ArcGISFormat><SyncOnce>FALSE</SyncOnce><DataProperties><itemProps><itemName Sync="TRUE">gages20200713</itemName><imsContentType Sync="TRUE">002</imsContentType><itemLocation><linkage Sync="TRUE">file://\\IGSKBTHILT268\D$\projects\Streamstats\DB\NewGageDataJDG\gages20200713.shp</linkage><protocol Sync="TRUE">Local Area Network</protocol></itemLocation><itemSize Sync="TRUE">0.000</itemSize></itemProps><coordRef><type Sync="TRUE">Geographic</type><geogcsn Sync="TRUE">GCS_North_American_1983</geogcsn><csUnits Sync="TRUE">Angular Unit: Degree (0.017453)</csUnits><peXml Sync="TRUE">&lt;GeographicCoordinateSystem xsi:type='typens:GeographicCoordinateSystem' xmlns:xsi='http://www.w3.org/2001/XMLSchema-instance' xmlns:xs='http://www.w3.org/2001/XMLSchema' xmlns:typens='http://www.esri.com/schemas/ArcGIS/10.7'&gt;&lt;WKT&gt;GEOGCS[&amp;quot;GCS_North_American_1983&amp;quot;,DATUM[&amp;quot;D_North_American_1983&amp;quot;,SPHEROID[&amp;quot;GRS_1980&amp;quot;,6378137.0,298.257222101]],PRIMEM[&amp;quot;Greenwich&amp;quot;,0.0],UNIT[&amp;quot;Degree&amp;quot;,0.0174532925199433],AUTHORITY[&amp;quot;EPSG&amp;quot;,4269]]&lt;/WKT&gt;&lt;XOrigin&gt;-400&lt;/XOrigin&gt;&lt;YOrigin&gt;-400&lt;/YOrigin&gt;&lt;XYScale&gt;11258999068426.238&lt;/XYScale&gt;&lt;ZOrigin&gt;-100000&lt;/ZOrigin&gt;&lt;ZScale&gt;10000&lt;/ZScale&gt;&lt;MOrigin&gt;-100000&lt;/MOrigin&gt;&lt;MScale&gt;10000&lt;/MScale&gt;&lt;XYTolerance&gt;8.9831528411952133e-09&lt;/XYTolerance&gt;&lt;ZTolerance&gt;0.001&lt;/ZTolerance&gt;&lt;MTolerance&gt;0.001&lt;/MTolerance&gt;&lt;HighPrecision&gt;true&lt;/HighPrecision&gt;&lt;LeftLongitude&gt;-180&lt;/LeftLongitude&gt;&lt;WKID&gt;4269&lt;/WKID&gt;&lt;LatestWKID&gt;4269&lt;/LatestWKID&gt;&lt;/GeographicCoordinateSystem&gt;</peXml></coordRef><lineage><Process ToolSource="c:\arcgis\desktop10.7\ArcToolbox\Toolboxes\Conversion Tools.tbx\FeatureClassToFeatureClass" Date="20200714" Time="094001">FeatureClassToFeatureClass D:\projects\Streamstats\DB\NewGageDataJDG\gages20200713.shp D:\projects\Streamstats\DB\NewGageDataJDG\gages20200713.mdb gages20200713 # "Latitude "Latitude" true true false 19 Double 0 0 ,First,#,D:\projects\Streamstats\DB\NewGageDataJDG\gages20200713.shp,Latitude,-1,-1;Longitude "Longitude" true true false 19 Double 0 0 ,First,#,D:\projects\Streamstats\DB\NewGageDataJDG\gages20200713.shp,Longitude,-1,-1;STA_ID "STA_ID" true true false 15 Text 0 0 ,First,#,D:\projects\Streamstats\DB\NewGageDataJDG\gages20200713.shp,STA_ID,-1,-1;STA_NAME "STA_NAME" true true false 80 Text 0 0 ,First,#,D:\projects\Streamstats\DB\NewGageDataJDG\gages20200713.shp,STA_NAME,-1,-1;STA_TYPE "STA_TYPE" true true false 3 Text 0 0 ,First,#,D:\projects\Streamstats\DB\NewGageDataJDG\gages20200713.shp,STA_TYPE,-1,-1;COORDSRC "COORDSRC" true true false 10 Text 0 0 ,First,#,D:\projects\Streamstats\DB\NewGageDataJDG\gages20200713.shp,COORDSRC,-1,-1;SITESTATUS "SITESTATUS" true true false 1 Text 0 0 ,First,#,D:\projects\Streamstats\DB\NewGageDataJDG\gages20200713.shp,SITESTATUS,-1,-1;REACH100 "REACH100" true true false 15 Text 0 0 ,First,#,D:\projects\Streamstats\DB\NewGageDataJDG\gages20200713.shp,REACH100,-1,-1;MEASURE100 "MEASURE100" true true false 19 Double 0 0 ,First,#,D:\projects\Streamstats\DB\NewGageDataJDG\gages20200713.shp,MEASURE100,-1,-1;REACH24 "REACH24" true true false 15 Text 0 0 ,First,#,D:\projects\Streamstats\DB\NewGageDataJDG\gages20200713.shp,REACH24,-1,-1;MEASURE24 "MEASURE24" true true false 19 Double 0 0 ,First,#,D:\projects\Streamstats\DB\NewGageDataJDG\gages20200713.shp,MEASURE24,-1,-1;REACHLOC "REACHLOC" true true false 15 Text 0 0 ,First,#,D:\projects\Streamstats\DB\NewGageDataJDG\gages20200713.shp,REACHLOC,-1,-1;MEASURELOC "MEASURELOC" true true false 19 Double 0 0 ,First,#,D:\projects\Streamstats\DB\NewGageDataJDG\gages20200713.shp,MEASURELOC,-1,-1;FeatureURL "FeatureURL" true true false 250 Text 0 0 ,First,#,D:\projects\Streamstats\DB\NewGageDataJDG\gages20200713.shp,FeatureURL,-1,-1" #</Process><Process ToolSource="c:\arcgis\desktop10.7\ArcToolbox\Toolboxes\Conversion Tools.tbx\FeatureClassToFeatureClass" Date="20200714" Time="094119">FeatureClassToFeatureClass D:\projects\Streamstats\DB\NewGageDataJDG\gages20200713.mdb\gages20200713 D:\projects\Streamstats\DB\NewGageDataJDG gages20200713.shp # "Latitude "Latitude" true true false 8 Double 0 0 ,First,#,D:\projects\Streamstats\DB\NewGageDataJDG\gages20200713.mdb\gages20200713,Latitude,-1,-1;Longitude "Longitude" true true false 8 Double 0 0 ,First,#,D:\projects\Streamstats\DB\NewGageDataJDG\gages20200713.mdb\gages20200713,Longitude,-1,-1;STA_ID "STA_ID" true true false 15 Text 0 0 ,First,#,D:\projects\Streamstats\DB\NewGageDataJDG\gages20200713.mdb\gages20200713,STA_ID,-1,-1;STA_NAME "STA_NAME" true true false 80 Text 0 0 ,First,#,D:\projects\Streamstats\DB\NewGageDataJDG\gages20200713.mdb\gages20200713,STA_NAME,-1,-1;STA_TYPE "STA_TYPE" true true false 3 Text 0 0 ,First,#,D:\projects\Streamstats\DB\NewGageDataJDG\gages20200713.mdb\gages20200713,STA_TYPE,-1,-1;COORDSRC "COORDSRC" true true false 10 Text 0 0 ,First,#,D:\projects\Streamstats\DB\NewGageDataJDG\gages20200713.mdb\gages20200713,COORDSRC,-1,-1;SITESTATUS "SITESTATUS" true true false 1 Text 0 0 ,First,#,D:\projects\Streamstats\DB\NewGageDataJDG\gages20200713.mdb\gages20200713,SITESTATUS,-1,-1;REACH100 "REACH100" true true false 15 Text 0 0 ,First,#,D:\projects\Streamstats\DB\NewGageDataJDG\gages20200713.mdb\gages20200713,REACH100,-1,-1;MEASURE100 "MEASURE100" true true false 8 Double 0 0 ,First,#,D:\projects\Streamstats\DB\NewGageDataJDG\gages20200713.mdb\gages20200713,MEASURE100,-1,-1;REACH24 "REACH24" true true false 15 Text 0 0 ,First,#,D:\projects\Streamstats\DB\NewGageDataJDG\gages20200713.mdb\gages20200713,REACH24,-1,-1;MEASURE24 "MEASURE24" true true false 8 Double 0 0 ,First,#,D:\projects\Streamstats\DB\NewGageDataJDG\gages20200713.mdb\gages20200713,MEASURE24,-1,-1;REACHLOC "REACHLOC" true true false 15 Text 0 0 ,First,#,D:\projects\Streamstats\DB\NewGageDataJDG\gages20200713.mdb\gages20200713,REACHLOC,-1,-1;MEASURELOC "MEASURELOC" true true false 8 Double 0 0 ,First,#,D:\projects\Streamstats\DB\NewGageDataJDG\gages20200713.mdb\gages20200713,MEASURELOC,-1,-1;FeatureURL "FeatureURL" true true false 250 Text 0 0 ,First,#,D:\projects\Streamstats\DB\NewGageDataJDG\gages20200713.mdb\gages20200713,FeatureURL,-1,-1" #</Process></lineage></DataProperties><SyncDate>20200714</SyncDate><SyncTime>09411400</SyncTime><ModDate>20200714</ModDate><ModTime>09411400</ModTime></Esri><dataIdInfo><envirDesc Sync="TRUE"> Version 6.2 (Build 9200) ; Esri ArcGIS 10.7.1.11595</envirDesc><dataLang><languageCode value="eng" Sync="TRUE"></languageCode><countryCode value="USA" Sync="TRUE"></countryCode></dataLang><idCitation><resTitle Sync="TRUE">gages20200713</resTitle><presForm><PresFormCd value="005" Sync="TRUE"></PresFormCd></presForm></idCitation><spatRpType><SpatRepTypCd value="001" Sync="TRUE"></SpatRepTypCd></spatRpType></dataIdInfo><mdLang><languageCode value="eng" Sync="TRUE"></languageCode><countryCode value="USA" Sync="TRUE"></countryCode></mdLang><distInfo><distFormat><formatName Sync="TRUE">Shapefile</formatName></distFormat><distTranOps><transSize Sync="TRUE">0.000</transSize></distTranOps></distInfo><mdHrLv><ScopeCd value="005" Sync="TRUE"></ScopeCd></mdHrLv><mdHrLvName Sync="TRUE">dataset</mdHrLvName><refSysInfo><RefSystem><refSysID><identCode code="4269" Sync="TRUE"></identCode><idCodeSpace Sync="TRUE">EPSG</idCodeSpace><idVersion Sync="TRUE">6.12(3.0.1)</idVersion></refSysID></RefSystem></refSysInfo><spatRepInfo><VectSpatRep><geometObjs Name="gages20200713"><geoObjTyp><GeoObjTypCd value="004" Sync="TRUE"></GeoObjTypCd></geoObjTyp><geoObjCnt Sync="TRUE">0</geoObjCnt></geometObjs><topLvl><TopoLevCd value="001" Sync="TRUE"></TopoLevCd></topLvl></VectSpatRep></spatRepInfo><spdoinfo><ptvctinf><esriterm Name="gages20200713"><efeatyp Sync="TRUE">Simple</efeatyp><efeageom code="1" Sync="TRUE"></efeageom><esritopo Sync="TRUE">FALSE</esritopo><efeacnt Sync="TRUE">0</efeacnt><spindex Sync="TRUE">FALSE</spindex><linrefer Sync="TRUE">FALSE</linrefer></esriterm></ptvctinf></spdoinfo><eainfo><detailed Name="gages20200713"><enttyp><enttypl Sync="TRUE">gages20200713</enttypl><enttypt Sync="TRUE">Feature Class</enttypt><enttypc Sync="TRUE">0</enttypc></enttyp><attr><attrlabl Sync="TRUE">FID</attrlabl><attalias Sync="TRUE">FID</attalias><attrtype Sync="TRUE">OID</attrtype><attwidth Sync="TRUE">4</attwidth><atprecis Sync="TRUE">0</atprecis><attscale Sync="TRUE">0</attscale><attrdef Sync="TRUE">Internal feature number.</attrdef><attrdefs Sync="TRUE">Esri</attrdefs><attrdomv><udom Sync="TRUE">Sequential unique whole numbers that are automatically generated.</udom></attrdomv></attr><attr><attrlabl Sync="TRUE">Shape</attrlabl><attalias Sync="TRUE">Shape</attalias><attrtype Sync="TRUE">Geometry</attrtype><attwidth Sync="TRUE">0</attwidth><atprecis Sync="TRUE">0</atprecis><attscale Sync="TRUE">0</attscale><attrdef Sync="TRUE">Feature geometry.</attrdef><attrdefs Sync="TRUE">Esri</attrdefs><attrdomv><udom Sync="TRUE">Coordinates defining the features.</udom></attrdomv></attr><attr><attrlabl Sync="TRUE">Latitude</attrlabl><attalias Sync="TRUE">Latitude</attalias><attrtype Sync="TRUE">Double</attrtype><attwidth Sync="TRUE">19</attwidth><atprecis Sync="TRUE">0</atprecis><attscale Sync="TRUE">0</attscale></attr><attr><attrlabl Sync="TRUE">Longitude</attrlabl><attalias Sync="TRUE">Longitude</attalias><attrtype Sync="TRUE">Double</attrtype><attwidth Sync="TRUE">19</attwidth><atprecis Sync="TRUE">0</atprecis><attscale Sync="TRUE">0</attscale></attr><attr><attrlabl Sync="TRUE">STA_ID</attrlabl><attalias Sync="TRUE">STA_ID</attalias><attrtype Sync="TRUE">String</attrtype><attwidth Sync="TRUE">15</attwidth><atprecis Sync="TRUE">0</atprecis><attscale Sync="TRUE">0</attscale></attr><attr><attrlabl Sync="TRUE">STA_NAME</attrlabl><attalias Sync="TRUE">STA_NAME</attalias><attrtype Sync="TRUE">String</attrtype><attwidth Sync="TRUE">80</attwidth><atprecis Sync="TRUE">0</atprecis><attscale Sync="TRUE">0</attscale></attr><attr><attrlabl Sync="TRUE">STA_TYPE</attrlabl><attalias Sync="TRUE">STA_TYPE</attalias><attrtype Sync="TRUE">String</attrtype><attwidth Sync="TRUE">3</attwidth><atprecis Sync="TRUE">0</atprecis><attscale Sync="TRUE">0</attscale></attr><attr><attrlabl Sync="TRUE">COORDSRC</attrlabl><attalias Sync="TRUE">COORDSRC</attalias><attrtype Sync="TRUE">String</attrtype><attwidth Sync="TRUE">10</attwidth><atprecis Sync="TRUE">0</atprecis><attscale Sync="TRUE">0</attscale></attr><attr><attrlabl Sync="TRUE">SITESTATUS</attrlabl><attalias Sync="TRUE">SITESTATUS</attalias><attrtype Sync="TRUE">String</attrtype><attwidth Sync="TRUE">1</attwidth><atprecis Sync="TRUE">0</atprecis><attscale Sync="TRUE">0</attscale></attr><attr><attrlabl Sync="TRUE">REACH100</attrlabl><attalias Sync="TRUE">REACH100</attalias><attrtype Sync="TRUE">String</attrtype><attwidth Sync="TRUE">15</attwidth><atprecis Sync="TRUE">0</atprecis><attscale Sync="TRUE">0</attscale></attr><attr><attrlabl Sync="TRUE">MEASURE100</attrlabl><attalias Sync="TRUE">MEASURE100</attalias><attrtype Sync="TRUE">Double</attrtype><attwidth Sync="TRUE">19</attwidth><atprecis Sync="TRUE">0</atprecis><attscale Sync="TRUE">0</attscale></attr><attr><attrlabl Sync="TRUE">REACH24</attrlabl><attalias Sync="TRUE">REACH24</attalias><attrtype Sync="TRUE">String</attrtype><attwidth Sync="TRUE">15</attwidth><atprecis Sync="TRUE">0</atprecis><attscale Sync="TRUE">0</attscale></attr><attr><attrlabl Sync="TRUE">MEASURE24</attrlabl><attalias Sync="TRUE">MEASURE24</attalias><attrtype Sync="TRUE">Double</attrtype><attwidth Sync="TRUE">19</attwidth><atprecis Sync="TRUE">0</atprecis><attscale Sync="TRUE">0</attscale></attr><attr><attrlabl Sync="TRUE">REACHLOC</attrlabl><attalias Sync="TRUE">REACHLOC</attalias><attrtype Sync="TRUE">String</attrtype><attwidth Sync="TRUE">15</attwidth><atprecis Sync="TRUE">0</atprecis><attscale Sync="TRUE">0</attscale></attr><attr><attrlabl Sync="TRUE">MEASURELOC</attrlabl><attalias Sync="TRUE">MEASURELOC</attalias><attrtype Sync="TRUE">Double</attrtype><attwidth Sync="TRUE">19</attwidth><atprecis Sync="TRUE">0</atprecis><attscale Sync="TRUE">0</attscale></attr><attr><attrlabl Sync="TRUE">FeatureURL</attrlabl><attalias Sync="TRUE">FeatureURL</attalias><attrtype Sync="TRUE">String</attrtype><attwidth Sync="TRUE">250</attwidth><atprecis Sync="TRUE">0</atprecis><attscale Sync="TRUE">0</attscale></attr></detailed></eainfo><mdDateSt Sync="TRUE">20200714</mdDateSt></metadata>
